Costo Envio,0.0
Aceite Girasol Legitimo x 900 cc.,1675.0
"Aceite de Girasol Cañuelas x 1,5 Lt.",2592.0
"Aceite de Girasol Natura x 1,5 Lt.",2850.0
Aceite de Girasol La Anónima x 900 cc.,1819.0
"Aceite de Girasol Pureza x 1,5 Lt.",2815.0
Aceite de Girasol Natura x 900 cc.,1845.0
Aceite de Girasol Cañuelas x 900 cc.,1659.0
"Aceite Girasol Legitimo x 1,5 Lt.",2709.0
Aceite de Girasol Cocinero x 900 cc.,1850.0
Aceite de Girasol Pureza x 900 cc.,1749.0
Aceite de Girasol Natura x 3 Lts.,5839.0
"Aceite de Girasol Cocinero x 1,5 Lt.",2950.0
Aceite de Oliva Extra Virgen clásico x 250cc.,7600.0
"Aceite de Girasol Plus Cocinero x 1,5 Lt.",3400.0
Aceite de Girasol La Anónima x 3 Lt.,359.0
"Aceite de Girasol Familiar x 1,5 Lt.",391.0
Aceite de Girasol Lágrimas del Sol x 3 Lts,290.0
Aceite Girasol Ecobotella Vitamina D Cocinero x 900 cc.,1850.0
"Aceite Girasol Ecobotella Vitamina D Cocinero x 1,5 Lt.",2950.0
Aceite de Girasol Primor x 900 cc.,140.0
"Aceite de Girasol Cada Día Pet x 1,5 Lt.",945.0
"Aceite de Girasol Primor x 1,5 Lt.",213.0
Aceite de Girasol Florencia x 900 cc.,123.0
"Aceite de Girasol Florencia x 1,5 Lt.",198.0
Aceite de Girasol Lágrimas del Sol x 900 cc.,91.0
"Aceite de Girasol Lira x 1,5 Lt.",3250.0
Aceite de Girasol Lira x 900 cc.,2000.0
Aceite de Girasol Bidón Lagrimas del Sol x 5 Lt.,462.0
Aceite de Girasol Natura x 5 Lt.,8785.0
Aceite Girasol Legitimo x 5 Lt.,9005.0
"Aceite de Girasol La Anónima x 1,5 Lt.",240.0
Aceite de Girasol Pureza x 3 Lt.,799.0
Aceite de Girasol Natura x 500 cc.,310.0
"Aceite de Girasol Ideal x 1,5 Lt.",324.0
Aceite de Girasol Ideal x 900 cc.,203.0
Aceite de Girasol Pureza x 900 cc.,233.0
"Aceite de Girasol Pureza x 1,5 Lt.",370.0
Aceite de Girasol La Anónima x 900 cc.,57.0
Aceite de Girasol Lágrimas del Sol x 500 cc.,49.0
Aceite de Girasol Alsamar x 900 cc.,124.0
"Aceite de Girasol Alsamar x 1,5 Lt.",201.0
Aceite de Girasol Valderey x 900 cc.,248.0
"Aceite de Girasol Valderey x 1,5 Lt.",408.0
Aceite de Girasol Cada Día x 900 cc.,919.0
Aceite de Girasol Alsamar x 900 cc.,168.0
"Aceite de Girasol Alsamar x 1,5 Lt.",290.0
Aceite de Girasol Plus Cocinero x 900 cc.,2100.0
Aceite de Girasol Alsamar x 3 Lt.,462.0
